Product Name,Image,Description,Price,Quantity,Products Url,Products Model,Products Weight,Products Weight Unit,Is Feature (Yes/ No),Video EmbedCode Link,Products Max Stock,category Name
Sanganeri Print - SP 1624   Taupe,3433,"Super King size Bed sheets (UNIQUE) with 2 pillow covers, Thread count - 56/60 fabric,100 % Cotton Fabric, 100 inches by 108 inches ( Bed sheet sides stitched ) Pillow size:43 cm X 69 cm,18 inches by 27 inches, (chain pillow )",749,50,0,,1.15,KG,,,50,Bed Sheets
Sanganeri Print - SP 1624   Grey,3434,"Super King size Bed sheets (UNIQUE) with 2 pillow covers, Thread count - 56/60 fabric,100 % Cotton Fabric, 100 inches by 108 inches ( Bed sheet sides stitched ) Pillow size:43 cm X 69 cm,18 inches by 27 inches, (chain pillow )",749,50,0,,1.15,KG,,,50,Bed Sheets
Sanganeri Print - SP 1624   Brown,3435,"Super King size Bed sheets (UNIQUE) with 2 pillow covers, Thread count - 56/60 fabric,100 % Cotton Fabric, 100 inches by 108 inches ( Bed sheet sides stitched ) Pillow size:43 cm X 69 cm,18 inches by 27 inches, (chain pillow )",749,50,0,,1.15,KG,,,50,Bed Sheets
Sanganeri Print - SP 1623 Taupe,3436,"Super King size Bed sheets (UNIQUE) with 2 pillow covers, Thread count - 56/60 fabric,100 % Cotton Fabric, 100 inches by 108 inches ( Bed sheet sides stitched ) Pillow size:43 cm X 69 cm,18 inches by 27 inches, (chain pillow )",749,50,0,,1.15,KG,,,50,Bed Sheets
Sanganeri Print - SP 1623 Grey,3437,"Super King size Bed sheets (UNIQUE) with 2 pillow covers, Thread count - 56/60 fabric,100 % Cotton Fabric, 100 inches by 108 inches ( Bed sheet sides stitched ) Pillow size:43 cm X 69 cm,18 inches by 27 inches, (chain pillow )",749,50,0,,1.15,KG,,,50,Bed Sheets
Sanganeri Print - SP 1623 Brown,3438,"Super King size Bed sheets (UNIQUE) with 2 pillow covers, Thread count - 56/60 fabric,100 % Cotton Fabric, 100 inches by 108 inches ( Bed sheet sides stitched ) Pillow size:43 cm X 69 cm,18 inches by 27 inches, (chain pillow )",749,50,0,,1.15,KG,,,50,Bed Sheets
Sanganeri Print - SP 1622 Taupe,3439,"Super King size Bed sheets (UNIQUE) with 2 pillow covers, Thread count - 56/60 fabric,100 % Cotton Fabric, 100 inches by 108 inches ( Bed sheet sides stitched ) Pillow size:43 cm X 69 cm,18 inches by 27 inches, (chain pillow )",749,50,0,,1.15,KG,,,50,Bed Sheets
Sanganeri Print - SP 1622 Grey,3440,"Super King size Bed sheets (UNIQUE) with 2 pillow covers, Thread count - 56/60 fabric,100 % Cotton Fabric, 100 inches by 108 inches ( Bed sheet sides stitched ) Pillow size:43 cm X 69 cm,18 inches by 27 inches, (chain pillow )",749,50,0,,1.15,KG,,,50,Bed Sheets
Sanganeri Print - SP 1622 Brown,3441,"Super King size Bed sheets (UNIQUE) with 2 pillow covers, Thread count - 56/60 fabric,100 % Cotton Fabric, 100 inches by 108 inches ( Bed sheet sides stitched ) Pillow size:43 cm X 69 cm,18 inches by 27 inches, (chain pillow )",749,50,0,,1.15,KG,,,50,Bed Sheets
Sanganeri Print - SP 1621 Taupe,3442,"Super King size Bed sheets (UNIQUE) with 2 pillow covers, Thread count - 56/60 fabric,100 % Cotton Fabric, 100 inches by 108 inches ( Bed sheet sides stitched ) Pillow size:43 cm X 69 cm,18 inches by 27 inches, (chain pillow )",749,50,0,,1.15,KG,,,50,Bed Sheets
Sanganeri Print - SP 1621 Grey,3443,"Super King size Bed sheets (UNIQUE) with 2 pillow covers, Thread count - 56/60 fabric,100 % Cotton Fabric, 100 inches by 108 inches ( Bed sheet sides stitched ) Pillow size:43 cm X 69 cm,18 inches by 27 inches, (chain pillow )",749,50,0,,1.15,KG,,,50,Bed Sheets
Sanganeri Print - SP 1621 Brown,3444,"Super King size Bed sheets (UNIQUE) with 2 pillow covers, Thread count - 56/60 fabric,100 % Cotton Fabric, 100 inches by 108 inches ( Bed sheet sides stitched ) Pillow size:43 cm X 69 cm,18 inches by 27 inches, (chain pillow )",749,50,0,,1.15,KG,,,50,Bed Sheets
Sanganeri Print - SP 1620 Taupe,3445,"Super King size Bed sheets (UNIQUE) with 2 pillow covers, Thread count - 56/60 fabric,100 % Cotton Fabric, 100 inches by 108 inches ( Bed sheet sides stitched ) Pillow size:43 cm X 69 cm,18 inches by 27 inches, (chain pillow )",749,50,0,,1.15,KG,,,50,Bed Sheets
Sanganeri Print - SP 1620 Grey,3446,"Super King size Bed sheets (UNIQUE) with 2 pillow covers, Thread count - 56/60 fabric,100 % Cotton Fabric, 100 inches by 108 inches ( Bed sheet sides stitched ) Pillow size:43 cm X 69 cm,18 inches by 27 inches, (chain pillow )",749,50,0,,1.15,KG,,,50,Bed Sheets
Sanganeri Print - SP 1620 Brown,3447,"Super King size Bed sheets (UNIQUE) with 2 pillow covers, Thread count - 56/60 fabric,100 % Cotton Fabric, 100 inches by 108 inches ( Bed sheet sides stitched ) Pillow size:43 cm X 69 cm,18 inches by 27 inches, (chain pillow )",749,50,0,,1.15,KG,,,50,Bed Sheets
Sanganeri Print - SP 1619 Taupe,3448,"Super King size Bed sheets (UNIQUE) with 2 pillow covers, Thread count - 56/60 fabric,100 % Cotton Fabric, 100 inches by 108 inches ( Bed sheet sides stitched ) Pillow size:43 cm X 69 cm,18 inches by 27 inches, (chain pillow )",749,50,0,,1.15,KG,,,50,Bed Sheets
Sanganeri Print - SP 1619 Grey,3449,"Super King size Bed sheets (UNIQUE) with 2 pillow covers, Thread count - 56/60 fabric,100 % Cotton Fabric, 100 inches by 108 inches ( Bed sheet sides stitched ) Pillow size:43 cm X 69 cm,18 inches by 27 inches, (chain pillow )",749,50,0,,1.15,KG,,,50,Bed Sheets
Sanganeri Print - SP 1619 Brown,3450,"Super King size Bed sheets (UNIQUE) with 2 pillow covers, Thread count - 56/60 fabric,100 % Cotton Fabric, 100 inches by 108 inches ( Bed sheet sides stitched ) Pillow size:43 cm X 69 cm,18 inches by 27 inches, (chain pillow )",749,50,0,,1.15,KG,,,50,Bed Sheets
Sanganeri Print - SP 1618 Taupe,3451,"Super King size Bed sheets (UNIQUE) with 2 pillow covers, Thread count - 56/60 fabric,100 % Cotton Fabric, 100 inches by 108 inches ( Bed sheet sides stitched ) Pillow size:43 cm X 69 cm,18 inches by 27 inches, (chain pillow )",749,50,0,,1.15,KG,,,50,Bed Sheets
Sanganeri Print - SP 1618 Grey,3452,"Super King size Bed sheets (UNIQUE) with 2 pillow covers, Thread count - 56/60 fabric,100 % Cotton Fabric, 100 inches by 108 inches ( Bed sheet sides stitched ) Pillow size:43 cm X 69 cm,18 inches by 27 inches, (chain pillow )",749,50,0,,1.15,KG,,,50,Bed Sheets
Sanganeri Print - SP 1618 Pink,3453,"Super King size Bed sheets (UNIQUE) with 2 pillow covers, Thread count - 56/60 fabric,100 % Cotton Fabric, 100 inches by 108 inches ( Bed sheet sides stitched ) Pillow size:43 cm X 69 cm,18 inches by 27 inches, (chain pillow )",749,50,0,,1.15,KG,,,50,Bed Sheets
Sanganeri Print - SP 1617 Taupe,3454,"Super King size Bed sheets (UNIQUE) with 2 pillow covers, Thread count - 56/60 fabric,100 % Cotton Fabric, 100 inches by 108 inches ( Bed sheet sides stitched ) Pillow size:43 cm X 69 cm,18 inches by 27 inches, (chain pillow )",749,50,0,,1.15,KG,,,50,Bed Sheets
Sanganeri Print - SP 1617 Grey,3455,"Super King size Bed sheets (UNIQUE) with 2 pillow covers, Thread count - 56/60 fabric,100 % Cotton Fabric, 100 inches by 108 inches ( Bed sheet sides stitched ) Pillow size:43 cm X 69 cm,18 inches by 27 inches, (chain pillow )",749,50,0,,1.15,KG,,,50,Bed Sheets
Sanganeri Print - SP 1617 Pink,3456,"Super King size Bed sheets (UNIQUE) with 2 pillow covers, Thread count - 56/60 fabric,100 % Cotton Fabric, 100 inches by 108 inches ( Bed sheet sides stitched ) Pillow size:43 cm X 69 cm,18 inches by 27 inches, (chain pillow )",749,50,0,,1.15,KG,,,50,Bed Sheets
Sanganeri Print - SP 1616 Taupe,3457,"Super King size Bed sheets (UNIQUE) with 2 pillow covers, Thread count - 56/60 fabric,100 % Cotton Fabric, 100 inches by 108 inches ( Bed sheet sides stitched ) Pillow size:43 cm X 69 cm,18 inches by 27 inches, (chain pillow )",749,50,0,,1.15,KG,,,50,Bed Sheets
Sanganeri Print - SP 1616 Grey,3458,"Super King size Bed sheets (UNIQUE) with 2 pillow covers, Thread count - 56/60 fabric,100 % Cotton Fabric, 100 inches by 108 inches ( Bed sheet sides stitched ) Pillow size:43 cm X 69 cm,18 inches by 27 inches, (chain pillow )",749,50,0,,1.15,KG,,,50,Bed Sheets
Sanganeri Print - SP 1616 Pink,3459,"Super King size Bed sheets (UNIQUE) with 2 pillow covers, Thread count - 56/60 fabric,100 % Cotton Fabric, 100 inches by 108 inches ( Bed sheet sides stitched ) Pillow size:43 cm X 69 cm,18 inches by 27 inches, (chain pillow )",749,50,0,,1.15,KG,,,50,Bed Sheets
Sanganeri Print - SP 1615 Taupe,3460,"Super King size Bed sheets (UNIQUE) with 2 pillow covers, Thread count - 56/60 fabric,100 % Cotton Fabric, 100 inches by 108 inches ( Bed sheet sides stitched ) Pillow size:43 cm X 69 cm,18 inches by 27 inches, (chain pillow )",749,50,0,,1.15,KG,,,50,Bed Sheets
Sanganeri Print - SP 1615 Sky Blue,3461,"Super King size Bed sheets (UNIQUE) with 2 pillow covers, Thread count - 56/60 fabric,100 % Cotton Fabric, 100 inches by 108 inches ( Bed sheet sides stitched ) Pillow size:43 cm X 69 cm,18 inches by 27 inches, (chain pillow )",749,50,0,,1.15,KG,,,50,Bed Sheets
Sanganeri Print - SP 1615 Pink,3462,"Super King size Bed sheets (UNIQUE) with 2 pillow covers, Thread count - 56/60 fabric,100 % Cotton Fabric, 100 inches by 108 inches ( Bed sheet sides stitched ) Pillow size:43 cm X 69 cm,18 inches by 27 inches, (chain pillow )",749,50,0,,1.15,KG,,,50,Bed Sheets
Sanganeri Print - SP 1614 Taupe,3463,"Super King size Bed sheets (UNIQUE) with 2 pillow covers, Thread count - 56/60 fabric,100 % Cotton Fabric, 100 inches by 108 inches ( Bed sheet sides stitched ) Pillow size:43 cm X 69 cm,18 inches by 27 inches, (chain pillow )",749,50,0,,1.15,KG,,,50,Bed Sheets
Sanganeri Print - SP 1614 Sky Blue,3464,"Super King size Bed sheets (UNIQUE) with 2 pillow covers, Thread count - 56/60 fabric,100 % Cotton Fabric, 100 inches by 108 inches ( Bed sheet sides stitched ) Pillow size:43 cm X 69 cm,18 inches by 27 inches, (chain pillow )",749,50,0,,1.15,KG,,,50,Bed Sheets
Sanganeri Print - SP 1614 Pink,3465,"Super King size Bed sheets (UNIQUE) with 2 pillow covers, Thread count - 56/60 fabric,100 % Cotton Fabric, 100 inches by 108 inches ( Bed sheet sides stitched ) Pillow size:43 cm X 69 cm,18 inches by 27 inches, (chain pillow )",749,50,0,,1.15,KG,,,50,Bed Sheets
Sanganeri Print - SP 1613 Grey,3466,"Super King size Bed sheets (UNIQUE) with 2 pillow covers, Thread count - 56/60 fabric,100 % Cotton Fabric, 100 inches by 108 inches ( Bed sheet sides stitched ) Pillow size:43 cm X 69 cm,18 inches by 27 inches, (chain pillow )",749,50,0,,1.15,KG,,,50,Bed Sheets
Sanganeri Print - SP 1613 Red,3467,"Super King size Bed sheets (UNIQUE) with 2 pillow covers, Thread count - 56/60 fabric,100 % Cotton Fabric, 100 inches by 108 inches ( Bed sheet sides stitched ) Pillow size:43 cm X 69 cm,18 inches by 27 inches, (chain pillow )",749,50,0,,1.15,KG,,,50,Bed Sheets
Sanganeri Print - SP 1613 Bottle Green,3468,"Super King size Bed sheets (UNIQUE) with 2 pillow covers, Thread count - 56/60 fabric,100 % Cotton Fabric, 100 inches by 108 inches ( Bed sheet sides stitched ) Pillow size:43 cm X 69 cm,18 inches by 27 inches, (chain pillow )",749,50,0,,1.15,KG,,,50,Bed Sheets
Sanganeri Print - SP 1612 Grey,3469,"Super King size Bed sheets (UNIQUE) with 2 pillow covers, Thread count - 56/60 fabric,100 % Cotton Fabric, 100 inches by 108 inches ( Bed sheet sides stitched ) Pillow size:43 cm X 69 cm,18 inches by 27 inches, (chain pillow )",749,50,0,,1.15,KG,,,50,Bed Sheets
Sanganeri Print - SP 1612 Red,3470,"Super King size Bed sheets (UNIQUE) with 2 pillow covers, Thread count - 56/60 fabric,100 % Cotton Fabric, 100 inches by 108 inches ( Bed sheet sides stitched ) Pillow size:43 cm X 69 cm,18 inches by 27 inches, (chain pillow )",749,50,0,,1.15,KG,,,50,Bed Sheets
Sanganeri Print - SP 1612 Brown,3471,"Super King size Bed sheets (UNIQUE) with 2 pillow covers, Thread count - 56/60 fabric,100 % Cotton Fabric, 100 inches by 108 inches ( Bed sheet sides stitched ) Pillow size:43 cm X 69 cm,18 inches by 27 inches, (chain pillow )",749,50,0,,1.15,KG,,,50,Bed Sheets
Sanganeri Print - SP 1611 Grey,3472,"Super King size Bed sheets (UNIQUE) with 2 pillow covers, Thread count - 56/60 fabric,100 % Cotton Fabric, 100 inches by 108 inches ( Bed sheet sides stitched ) Pillow size:43 cm X 69 cm,18 inches by 27 inches, (chain pillow )",749,50,0,,1.15,KG,,,50,Bed Sheets
Sanganeri Print - SP 1611 Brown,3473,"Super King size Bed sheets (UNIQUE) with 2 pillow covers, Thread count - 56/60 fabric,100 % Cotton Fabric, 100 inches by 108 inches ( Bed sheet sides stitched ) Pillow size:43 cm X 69 cm,18 inches by 27 inches, (chain pillow )",749,50,0,,1.15,KG,,,50,Bed Sheets
Sanganeri Print - SP 1611 Pink,3474,"Super King size Bed sheets (UNIQUE) with 2 pillow covers, Thread count - 56/60 fabric,100 % Cotton Fabric, 100 inches by 108 inches ( Bed sheet sides stitched ) Pillow size:43 cm X 69 cm,18 inches by 27 inches, (chain pillow )",749,50,0,,1.15,KG,,,50,Bed Sheets
Sanganeri Print - SP 1610 Grey,3475,"Super King size Bed sheets (UNIQUE) with 2 pillow covers, Thread count - 56/60 fabric,100 % Cotton Fabric, 100 inches by 108 inches ( Bed sheet sides stitched ) Pillow size:43 cm X 69 cm,18 inches by 27 inches, (chain pillow )",749,50,0,,1.15,KG,,,50,Bed Sheets
Sanganeri Print - SP 1610 Brown,3476,"Super King size Bed sheets (UNIQUE) with 2 pillow covers, Thread count - 56/60 fabric,100 % Cotton Fabric, 100 inches by 108 inches ( Bed sheet sides stitched ) Pillow size:43 cm X 69 cm,18 inches by 27 inches, (chain pillow )",749,50,0,,1.15,KG,,,50,Bed Sheets
Sanganeri Print - SP 1610 Pink,3477,"Super King size Bed sheets (UNIQUE) with 2 pillow covers, Thread count - 56/60 fabric,100 % Cotton Fabric, 100 inches by 108 inches ( Bed sheet sides stitched ) Pillow size:43 cm X 69 cm,18 inches by 27 inches, (chain pillow )",749,50,0,,1.15,KG,,,50,Bed Sheets
Sanganeri Print - SP 1609 Blue,3478,"Super King size Bed sheets (UNIQUE) with 2 pillow covers, Thread count - 56/60 fabric,100 % Cotton Fabric, 100 inches by 108 inches ( Bed sheet sides stitched ) Pillow size:43 cm X 69 cm,18 inches by 27 inches, (chain pillow )",749,50,0,,1.15,KG,,,50,Bed Sheets
Sanganeri Print - SP 1609 Pink,3479,"Super King size Bed sheets (UNIQUE) with 2 pillow covers, Thread count - 56/60 fabric,100 % Cotton Fabric, 100 inches by 108 inches ( Bed sheet sides stitched ) Pillow size:43 cm X 69 cm,18 inches by 27 inches, (chain pillow )",749,50,0,,1.15,KG,,,50,Bed Sheets
Sanganeri Print - SP 1609 Brown,3480,"Super King size Bed sheets (UNIQUE) with 2 pillow covers, Thread count - 56/60 fabric,100 % Cotton Fabric, 100 inches by 108 inches ( Bed sheet sides stitched ) Pillow size:43 cm X 69 cm,18 inches by 27 inches, (chain pillow )",749,50,0,,1.15,KG,,,50,Bed Sheets
Sanganeri Print - SP 1608 Grey,3481,"Super King size Bed sheets (UNIQUE) with 2 pillow covers, Thread count - 56/60 fabric,100 % Cotton Fabric, 100 inches by 108 inches ( Bed sheet sides stitched ) Pillow size:43 cm X 69 cm,18 inches by 27 inches, (chain pillow )",749,50,0,,1.15,KG,,,50,Bed Sheets
Sanganeri Print - SP 1608 Brown,3482,"Super King size Bed sheets (UNIQUE) with 2 pillow covers, Thread count - 56/60 fabric,100 % Cotton Fabric, 100 inches by 108 inches ( Bed sheet sides stitched ) Pillow size:43 cm X 69 cm,18 inches by 27 inches, (chain pillow )",749,50,0,,1.15,KG,,,50,Bed Sheets
Sanganeri Print - SP 1608 Toupe,3483,"Super King size Bed sheets (UNIQUE) with 2 pillow covers, Thread count - 56/60 fabric,100 % Cotton Fabric, 100 inches by 108 inches ( Bed sheet sides stitched ) Pillow size:43 cm X 69 cm,18 inches by 27 inches, (chain pillow )",749,50,0,,1.15,KG,,,50,Bed Sheets
Sanganeri Print - SP 1607 Grey,3484,"Super King size Bed sheets (UNIQUE) with 2 pillow covers, Thread count - 56/60 fabric,100 % Cotton Fabric, 100 inches by 108 inches ( Bed sheet sides stitched ) Pillow size:43 cm X 69 cm,18 inches by 27 inches, (chain pillow )",749,50,0,,1.15,KG,,,50,Bed Sheets
Sanganeri Print - SP 1607 Pink,3485,"Super King size Bed sheets (UNIQUE) with 2 pillow covers, Thread count - 56/60 fabric,100 % Cotton Fabric, 100 inches by 108 inches ( Bed sheet sides stitched ) Pillow size:43 cm X 69 cm,18 inches by 27 inches, (chain pillow )",749,50,0,,1.15,KG,,,50,Bed Sheets
Sanganeri Print - SP 1607 Toupe,3486,"Super King size Bed sheets (UNIQUE) with 2 pillow covers, Thread count - 56/60 fabric,100 % Cotton Fabric, 100 inches by 108 inches ( Bed sheet sides stitched ) Pillow size:43 cm X 69 cm,18 inches by 27 inches, (chain pillow )",749,50,0,,1.15,KG,,,50,Bed Sheets
Sanganeri Print - SP 1606 Grey,3487,"Super King size Bed sheets (UNIQUE) with 2 pillow covers, Thread count - 56/60 fabric,100 % Cotton Fabric, 100 inches by 108 inches ( Bed sheet sides stitched ) Pillow size:43 cm X 69 cm,18 inches by 27 inches, (chain pillow )",749,50,0,,1.15,KG,,,50,Bed Sheets
Sanganeri Print - SP 1606 Brown,3488,"Super King size Bed sheets (UNIQUE) with 2 pillow covers, Thread count - 56/60 fabric,100 % Cotton Fabric, 100 inches by 108 inches ( Bed sheet sides stitched ) Pillow size:43 cm X 69 cm,18 inches by 27 inches, (chain pillow )",749,50,0,,1.15,KG,,,50,Bed Sheets
Sanganeri Print - SP 1606 Black,3489,"Super King size Bed sheets (UNIQUE) with 2 pillow covers, Thread count - 56/60 fabric,100 % Cotton Fabric, 100 inches by 108 inches ( Bed sheet sides stitched ) Pillow size:43 cm X 69 cm,18 inches by 27 inches, (chain pillow )",749,50,0,,1.15,KG,,,50,Bed Sheets
Sanganeri Print - SP 1605 Grey,3490,"Super King size Bed sheets (UNIQUE) with 2 pillow covers, Thread count - 56/60 fabric,100 % Cotton Fabric, 100 inches by 108 inches ( Bed sheet sides stitched ) Pillow size:43 cm X 69 cm,18 inches by 27 inches, (chain pillow )",749,50,0,,1.15,KG,,,50,Bed Sheets
Sanganeri Print - SP 1605 Brown,3491,"Super King size Bed sheets (UNIQUE) with 2 pillow covers, Thread count - 56/60 fabric,100 % Cotton Fabric, 100 inches by 108 inches ( Bed sheet sides stitched ) Pillow size:43 cm X 69 cm,18 inches by 27 inches, (chain pillow )",749,50,0,,1.15,KG,,,50,Bed Sheets
Sanganeri Print - SP 1605 Toupe,3492,"Super King size Bed sheets (UNIQUE) with 2 pillow covers, Thread count - 56/60 fabric,100 % Cotton Fabric, 100 inches by 108 inches ( Bed sheet sides stitched ) Pillow size:43 cm X 69 cm,18 inches by 27 inches, (chain pillow )",749,50,0,,1.15,KG,,,50,Bed Sheets
Sanganeri Print - SP 1604 Blue,3493,"Super King size Bed sheets (UNIQUE) with 2 pillow covers, Thread count - 56/60 fabric,100 % Cotton Fabric, 100 inches by 108 inches ( Bed sheet sides stitched ) Pillow size:43 cm X 69 cm,18 inches by 27 inches, (chain pillow )",749,50,0,,1.15,KG,,,50,Bed Sheets
Sanganeri Print - SP 1604 Brown,3494,"Super King size Bed sheets (UNIQUE) with 2 pillow covers, Thread count - 56/60 fabric,100 % Cotton Fabric, 100 inches by 108 inches ( Bed sheet sides stitched ) Pillow size:43 cm X 69 cm,18 inches by 27 inches, (chain pillow )",749,50,0,,1.15,KG,,,50,Bed Sheets
Sanganeri Print - SP 1604 Pink,3495,"Super King size Bed sheets (UNIQUE) with 2 pillow covers, Thread count - 56/60 fabric,100 % Cotton Fabric, 100 inches by 108 inches ( Bed sheet sides stitched ) Pillow size:43 cm X 69 cm,18 inches by 27 inches, (chain pillow )",749,50,0,,1.15,KG,,,50,Bed Sheets
Sanganeri Print - SP 1603 Blue,3496,"Super King size Bed sheets (UNIQUE) with 2 pillow covers, Thread count - 56/60 fabric,100 % Cotton Fabric, 100 inches by 108 inches ( Bed sheet sides stitched ) Pillow size:43 cm X 69 cm,18 inches by 27 inches, (chain pillow )",749,50,0,,1.15,KG,,,50,Bed Sheets
Sanganeri Print - SP 1603 Toupe,3497,"Super King size Bed sheets (UNIQUE) with 2 pillow covers, Thread count - 56/60 fabric,100 % Cotton Fabric, 100 inches by 108 inches ( Bed sheet sides stitched ) Pillow size:43 cm X 69 cm,18 inches by 27 inches, (chain pillow )",749,50,0,,1.15,KG,,,50,Bed Sheets
Sanganeri Print - SP 1603 Pink,3498,"Super King size Bed sheets (UNIQUE) with 2 pillow covers, Thread count - 56/60 fabric,100 % Cotton Fabric, 100 inches by 108 inches ( Bed sheet sides stitched ) Pillow size:43 cm X 69 cm,18 inches by 27 inches, (chain pillow )",749,50,0,,1.15,KG,,,50,Bed Sheets
Sanganeri Print - SP 1602 Grey,3499,"Super King size Bed sheets (UNIQUE) with 2 pillow covers, Thread count - 56/60 fabric,100 % Cotton Fabric, 100 inches by 108 inches ( Bed sheet sides stitched ) Pillow size:43 cm X 69 cm,18 inches by 27 inches, (chain pillow )",749,50,0,,1.15,KG,,,50,Bed Sheets
Sanganeri Print - SP 1602 Toupe,3500,"Super King size Bed sheets (UNIQUE) with 2 pillow covers, Thread count - 56/60 fabric,100 % Cotton Fabric, 100 inches by 108 inches ( Bed sheet sides stitched ) Pillow size:43 cm X 69 cm,18 inches by 27 inches, (chain pillow )",749,50,0,,1.15,KG,,,50,Bed Sheets
Sanganeri Print - SP 1602 Brown,3501,"Super King size Bed sheets (UNIQUE) with 2 pillow covers, Thread count - 56/60 fabric,100 % Cotton Fabric, 100 inches by 108 inches ( Bed sheet sides stitched ) Pillow size:43 cm X 69 cm,18 inches by 27 inches, (chain pillow )",749,50,0,,1.15,KG,,,50,Bed Sheets
Sanganeri Print - SP 1601 Grey,3502,"Super King size Bed sheets (UNIQUE) with 2 pillow covers, Thread count - 56/60 fabric,100 % Cotton Fabric, 100 inches by 108 inches ( Bed sheet sides stitched ) Pillow size:43 cm X 69 cm,18 inches by 27 inches, (chain pillow )",749,50,0,,1.15,KG,,,50,Bed Sheets
Sanganeri Print - SP 1601 Toupe,3503,"Super King size Bed sheets (UNIQUE) with 2 pillow covers, Thread count - 56/60 fabric,100 % Cotton Fabric, 100 inches by 108 inches ( Bed sheet sides stitched ) Pillow size:43 cm X 69 cm,18 inches by 27 inches, (chain pillow )",749,50,0,,1.15,KG,,,50,Bed Sheets
Sanganeri Print - SP 1601 Pink,3504,"Super King size Bed sheets (UNIQUE) with 2 pillow covers, Thread count - 56/60 fabric,100 % Cotton Fabric, 100 inches by 108 inches ( Bed sheet sides stitched ) Pillow size:43 cm X 69 cm,18 inches by 27 inches, (chain pillow )",749,50,0,,1.15,KG,,,50,Bed Sheets
Modern Sanganeri Print Bed Sheet - MSP 1510 Bottle Green,3505,"King size bed sheets with 2 pillow covers, Thread count - 56/60 fabric,100 % Cotton Fabric, 7.5 ft by 8.75.ft, 90 inches by 106 inches ( Bed sheet sides stitched ) Pillow size:43 cm X 69 cm,18 inches by 27 inches, (chain pillow )",699,50,0,,1.15,KG,,,50,Bed Sheets
Modern Sanganeri Print Bed Sheet - MSP 1510 Brown,3506,"King size bed sheets with 2 pillow covers, Thread count - 56/60 fabric,100 % Cotton Fabric, 7.5 ft by 8.75.ft, 90 inches by 106 inches ( Bed sheet sides stitched ) Pillow size:43 cm X 69 cm,18 inches by 27 inches, (chain pillow )",699,50,0,,1.15,KG,,,50,Bed Sheets
Modern Sanganeri Print Bed Sheet - MSP 1510 Maroon,3507,"King size bed sheets with 2 pillow covers, Thread count - 56/60 fabric,100 % Cotton Fabric, 7.5 ft by 8.75.ft, 90 inches by 106 inches ( Bed sheet sides stitched ) Pillow size:43 cm X 69 cm,18 inches by 27 inches, (chain pillow )",699,50,0,,1.15,KG,,,50,Bed Sheets
Modern Sanganeri Print Bed Sheet - MSP 1509 Brown,3508,"King size bed sheets with 2 pillow covers, Thread count - 56/60 fabric,100 % Cotton Fabric, 7.5 ft by 8.75.ft, 90 inches by 106 inches ( Bed sheet sides stitched ) Pillow size:43 cm X 69 cm,18 inches by 27 inches, (chain pillow )",699,50,0,,1.15,KG,,,50,Bed Sheets
Modern Sanganeri Print Bed Sheet - MSP 1509 Blue,3509,"King size bed sheets with 2 pillow covers, Thread count - 56/60 fabric,100 % Cotton Fabric, 7.5 ft by 8.75.ft, 90 inches by 106 inches ( Bed sheet sides stitched ) Pillow size:43 cm X 69 cm,18 inches by 27 inches, (chain pillow )",699,50,0,,1.15,KG,,,50,Bed Sheets
Modern Sanganeri Print Bed Sheet - MSP 1508 Orange,3510,"King size bed sheets with 2 pillow covers, Thread count - 56/60 fabric,100 % Cotton Fabric, 7.5 ft by 8.75.ft, 90 inches by 106 inches ( Bed sheet sides stitched ) Pillow size:43 cm X 69 cm,18 inches by 27 inches, (chain pillow )",699,50,0,,1.15,KG,,,50,Bed Sheets
Modern Sanganeri Print Bed Sheet - MSP 1508 Brown,3511,"King size bed sheets with 2 pillow covers, Thread count - 56/60 fabric,100 % Cotton Fabric, 7.5 ft by 8.75.ft, 90 inches by 106 inches ( Bed sheet sides stitched ) Pillow size:43 cm X 69 cm,18 inches by 27 inches, (chain pillow )",699,50,0,,1.15,KG,,,50,Bed Sheets
Modern Sanganeri Print Bed Sheet - MSP 1508 Sky Blue,3512,"King size bed sheets with 2 pillow covers, Thread count - 56/60 fabric,100 % Cotton Fabric, 7.5 ft by 8.75.ft, 90 inches by 106 inches ( Bed sheet sides stitched ) Pillow size:43 cm X 69 cm,18 inches by 27 inches, (chain pillow )",699,50,0,,1.15,KG,,,50,Bed Sheets
Modern Sanganeri Print Bed Sheet - MSP 1507 Brown,3513,"King size bed sheets with 2 pillow covers, Thread count - 56/60 fabric,100 % Cotton Fabric, 7.5 ft by 8.75.ft, 90 inches by 106 inches ( Bed sheet sides stitched ) Pillow size:43 cm X 69 cm,18 inches by 27 inches, (chain pillow )",699,50,0,,1.15,KG,,,50,Bed Sheets
Modern Sanganeri Print Bed Sheet - MSP 1507 Maroon,3514,"King size bed sheets with 2 pillow covers, Thread count - 56/60 fabric,100 % Cotton Fabric, 7.5 ft by 8.75.ft, 90 inches by 106 inches ( Bed sheet sides stitched ) Pillow size:43 cm X 69 cm,18 inches by 27 inches, (chain pillow )",699,50,0,,1.15,KG,,,50,Bed Sheets
Modern Sanganeri Print Bed Sheet - MSP 1507 Blue,3515,"King size bed sheets with 2 pillow covers, Thread count - 56/60 fabric,100 % Cotton Fabric, 7.5 ft by 8.75.ft, 90 inches by 106 inches ( Bed sheet sides stitched ) Pillow size:43 cm X 69 cm,18 inches by 27 inches, (chain pillow )",699,50,0,,1.15,KG,,,50,Bed Sheets
Modern Sanganeri Print Bed Sheet - MSP 1507 Green,3516,"King size bed sheets with 2 pillow covers, Thread count - 56/60 fabric,100 % Cotton Fabric, 7.5 ft by 8.75.ft, 90 inches by 106 inches ( Bed sheet sides stitched ) Pillow size:43 cm X 69 cm,18 inches by 27 inches, (chain pillow )",699,50,0,,1.15,KG,,,50,Bed Sheets
Modern Sanganeri Print Bed Sheet - MSP 1506 Brown,3517,"King size bed sheets with 2 pillow covers, Thread count - 56/60 fabric,100 % Cotton Fabric, 7.5 ft by 8.75.ft, 90 inches by 106 inches ( Bed sheet sides stitched ) Pillow size:43 cm X 69 cm,18 inches by 27 inches, (chain pillow )",699,50,0,,1.15,KG,,,50,Bed Sheets
Modern Sanganeri Print Bed Sheet - MSP 1506 Maroon,3518,"King size bed sheets with 2 pillow covers, Thread count - 56/60 fabric,100 % Cotton Fabric, 7.5 ft by 8.75.ft, 90 inches by 106 inches ( Bed sheet sides stitched ) Pillow size:43 cm X 69 cm,18 inches by 27 inches, (chain pillow )",699,50,0,,1.15,KG,,,50,Bed Sheets
Modern Sanganeri Print Bed Sheet - MSP 1506 Blue,3519,"King size bed sheets with 2 pillow covers, Thread count - 56/60 fabric,100 % Cotton Fabric, 7.5 ft by 8.75.ft, 90 inches by 106 inches ( Bed sheet sides stitched ) Pillow size:43 cm X 69 cm,18 inches by 27 inches, (chain pillow )",699,50,0,,1.15,KG,,,50,Bed Sheets
Modern Sanganeri Print Bed Sheet - MSP 1506 Grey,3520,"King size bed sheets with 2 pillow covers, Thread count - 56/60 fabric,100 % Cotton Fabric, 7.5 ft by 8.75.ft, 90 inches by 106 inches ( Bed sheet sides stitched ) Pillow size:43 cm X 69 cm,18 inches by 27 inches, (chain pillow )",699,50,0,,1.15,KG,,,50,Bed Sheets
Modern Sanganeri Print Bed Sheet - MSP 1505 Blue,3521,"King size bed sheets with 2 pillow covers, Thread count - 56/60 fabric,100 % Cotton Fabric, 7.5 ft by 8.75.ft, 90 inches by 106 inches ( Bed sheet sides stitched ) Pillow size:43 cm X 69 cm,18 inches by 27 inches, (chain pillow )",699,50,0,,1.15,KG,,,50,Bed Sheets
Modern Sanganeri Print Bed Sheet - MSP 1505 Brown,3522,"King size bed sheets with 2 pillow covers, Thread count - 56/60 fabric,100 % Cotton Fabric, 7.5 ft by 8.75.ft, 90 inches by 106 inches ( Bed sheet sides stitched ) Pillow size:43 cm X 69 cm,18 inches by 27 inches, (chain pillow )",699,50,0,,1.15,KG,,,50,Bed Sheets
Modern Sanganeri Print Bed Sheet - MSP 1504 Grey,3523,"King size bed sheets with 2 pillow covers, Thread count - 56/60 fabric,100 % Cotton Fabric, 7.5 ft by 8.75.ft, 90 inches by 106 inches ( Bed sheet sides stitched ) Pillow size:43 cm X 69 cm,18 inches by 27 inches, (chain pillow )",699,50,0,,1.15,KG,,,50,Bed Sheets
Modern Sanganeri Print Bed Sheet - MSP 1504 Pink,3524,"King size bed sheets with 2 pillow covers, Thread count - 56/60 fabric,100 % Cotton Fabric, 7.5 ft by 8.75.ft, 90 inches by 106 inches ( Bed sheet sides stitched ) Pillow size:43 cm X 69 cm,18 inches by 27 inches, (chain pillow )",699,50,0,,1.15,KG,,,50,Bed Sheets
Modern Sanganeri Print Bed Sheet - MSP 1504 Brown,3525,"King size bed sheets with 2 pillow covers, Thread count - 56/60 fabric,100 % Cotton Fabric, 7.5 ft by 8.75.ft, 90 inches by 106 inches ( Bed sheet sides stitched ) Pillow size:43 cm X 69 cm,18 inches by 27 inches, (chain pillow )",699,50,0,,1.15,KG,,,50,Bed Sheets
Modern Sanganeri Print Bed Sheet - MSP 1503 Brown,3526,"King size bed sheets with 2 pillow covers, Thread count - 56/60 fabric,100 % Cotton Fabric, 7.5 ft by 8.75.ft, 90 inches by 106 inches ( Bed sheet sides stitched ) Pillow size:43 cm X 69 cm,18 inches by 27 inches, (chain pillow )",699,50,0,,1.15,KG,,,50,Bed Sheets
Modern Sanganeri Print Bed Sheet - MSP 1503 Grey,3527,"King size bed sheets with 2 pillow covers, Thread count - 56/60 fabric,100 % Cotton Fabric, 7.5 ft by 8.75.ft, 90 inches by 106 inches ( Bed sheet sides stitched ) Pillow size:43 cm X 69 cm,18 inches by 27 inches, (chain pillow )",699,50,0,,1.15,KG,,,50,Bed Sheets
Modern Sanganeri Print Bed Sheet - MSP 1503 Maroon,3528,"King size bed sheets with 2 pillow covers, Thread count - 56/60 fabric,100 % Cotton Fabric, 7.5 ft by 8.75.ft, 90 inches by 106 inches ( Bed sheet sides stitched ) Pillow size:43 cm X 69 cm,18 inches by 27 inches, (chain pillow )",699,50,0,,1.15,KG,,,50,Bed Sheets
Modern Sanganeri Print Bed Sheet - MSP 1503 Light Green,3529,"King size bed sheets with 2 pillow covers, Thread count - 56/60 fabric,100 % Cotton Fabric, 7.5 ft by 8.75.ft, 90 inches by 106 inches ( Bed sheet sides stitched ) Pillow size:43 cm X 69 cm,18 inches by 27 inches, (chain pillow )",699,50,0,,1.15,KG,,,50,Bed Sheets
Modern Sanganeri Print Bed Sheet - MSP 1502 Blue,3530,"King size bed sheets with 2 pillow covers, Thread count - 56/60 fabric,100 % Cotton Fabric, 7.5 ft by 8.75.ft, 90 inches by 106 inches ( Bed sheet sides stitched ) Pillow size:43 cm X 69 cm,18 inches by 27 inches, (chain pillow )",699,50,0,,1.15,KG,,,50,Bed Sheets
Modern Sanganeri Print Bed Sheet - MSP 1502 Maroon,3531,"King size bed sheets with 2 pillow covers, Thread count - 56/60 fabric,100 % Cotton Fabric, 7.5 ft by 8.75.ft, 90 inches by 106 inches ( Bed sheet sides stitched ) Pillow size:43 cm X 69 cm,18 inches by 27 inches, (chain pillow )",699,50,0,,1.15,KG,,,50,Bed Sheets
Modern Sanganeri Print Bed Sheet - MSP 1502 Pink,3532,"King size bed sheets with 2 pillow covers, Thread count - 56/60 fabric,100 % Cotton Fabric, 7.5 ft by 8.75.ft, 90 inches by 106 inches ( Bed sheet sides stitched ) Pillow size:43 cm X 69 cm,18 inches by 27 inches, (chain pillow )",699,50,0,,1.15,KG,,,50,Bed Sheets
Modern Sanganeri Print Bed Sheet - MSP 1501 Blue,3533,"King size bed sheets with 2 pillow covers, Thread count - 56/60 fabric,100 % Cotton Fabric, 7.5 ft by 8.75.ft, 90 inches by 106 inches ( Bed sheet sides stitched ) Pillow size:43 cm X 69 cm,18 inches by 27 inches, (chain pillow )",699,50,0,,1.15,KG,,,50,Bed Sheets
Modern Sanganeri Print Bed Sheet - MSP 1501 Green,3534,"King size bed sheets with 2 pillow covers, Thread count - 56/60 fabric,100 % Cotton Fabric, 7.5 ft by 8.75.ft, 90 inches by 106 inches ( Bed sheet sides stitched ) Pillow size:43 cm X 69 cm,18 inches by 27 inches, (chain pillow )",699,50,0,,1.15,KG,,,50,Bed Sheets
Modern Sanganeri Print Bed Sheet - MSP 1501 Brown,3535,"King size bed sheets with 2 pillow covers, Thread count - 56/60 fabric,100 % Cotton Fabric, 7.5 ft by 8.75.ft, 90 inches by 106 inches ( Bed sheet sides stitched ) Pillow size:43 cm X 69 cm,18 inches by 27 inches, (chain pillow )",699,50,0,,1.15,KG,,,50,Bed Sheets
Modern Sanganeri Print Bed Sheet - MSP 1501 Orange,3536,"King size bed sheets with 2 pillow covers, Thread count - 56/60 fabric,100 % Cotton Fabric, 7.5 ft by 8.75.ft, 90 inches by 106 inches ( Bed sheet sides stitched ) Pillow size:43 cm X 69 cm,18 inches by 27 inches, (chain pillow )",699,50,0,,1.15,KG,,,50,Bed Sheets
